https://readi.fi/asset/
https://readi.fi/asset/"/>
https://readi.fi/asset/stablecoin-usdy-ondo-us-dollar-yield-token-by-ondo-finance/
https://readi.fi/asset/stablecoin-usdy-ondo-us-dollar-yield-token-by-ondo-finance/"/>
https://readi.fi/asset/fund-ousg-ondo-short-term-us-government-treasuries-by-ondo-i-lp/
https://readi.fi/asset/fund-ousg-ondo-short-term-us-government-treasuries-by-ondo-i-lp/"/>
https://readi.fi/asset/commodities-tgold-tgold-by-aurus/
https://readi.fi/asset/commodities-tgold-tgold-by-aurus/"/>
https://readi.fi/asset/fund-abrdn-usd-abrdn-liquidity-fund-lux-us-dollar-fund-by-abrdn/
https://readi.fi/asset/fund-abrdn-usd-abrdn-liquidity-fund-lux-us-dollar-fund-by-abrdn/"/>
https://readi.fi/asset/stablecoin-usty-usty-yieldteq-by-yieldteq/
https://readi.fi/asset/stablecoin-usty-usty-yieldteq-by-yieldteq/"/>
https://readi.fi/asset/fund-altf1-anemoy-liquid-treasury-fund-1-by-anemoy/
https://readi.fi/asset/fund-altf1-anemoy-liquid-treasury-fund-1-by-anemoy/"/>
https://readi.fi/asset/fund-bt4-blocktower-series-4-by-blocktower/
https://readi.fi/asset/fund-bt4-blocktower-series-4-by-blocktower/"/>
https://readi.fi/asset/fund-mplcashusdc-maple-cash-management-usdc-maple/
https://readi.fi/asset/fund-mplcashusdc-maple-cash-management-usdc-maple/"/>
https://readi.fi/asset/debt-mplohyusdc1-maple-direct-high-yield-corporate/
https://readi.fi/asset/debt-mplohyusdc1-maple-direct-high-yield-corporate/"/>
https://readi.fi/asset/debt-mplhycweth1-maple-direct-high-yield-corporate/
https://readi.fi/asset/debt-mplhycweth1-maple-direct-high-yield-corporate/"/>
https://readi.fi/asset/stablecoin-tbill-openeden-tbill-by-hill-lights-int/
https://readi.fi/asset/stablecoin-tbill-openeden-tbill-by-hill-lights-int/"/>
https://readi.fi/asset/stablecoin-fobxx-franklin-onchain-us-government-mo/
https://readi.fi/asset/stablecoin-fobxx-franklin-onchain-us-government-mo/"/>
https://readi.fi/asset/public-equity-bcoin-backed-coinbase-global-bcoin-by-backed-finance/
https://readi.fi/asset/public-equity-bcoin-backed-coinbase-global-bcoin-by-backed-finance/"/>
https://readi.fi/asset/fund-buidl-blackrock-usd-institutional-digital-liquidity-fund-by-blackrock/
https://readi.fi/asset/fund-buidl-blackrock-usd-institutional-digital-liquidity-fund-by-blackrock/"/>
https://readi.fi/asset/private-equity-daks-draggable-aktionariat-ag-shares-by-aktionariat/
https://readi.fi/asset/private-equity-daks-draggable-aktionariat-ag-shares-by-aktionariat/"/>
https://readi.fi/asset/stablecoin-arcbeglf-blackrock-ics-euro-government-liquidity-fund-by-blackrock/
https://readi.fi/asset/stablecoin-arcbeglf-blackrock-ics-euro-government-liquidity-fund-by-blackrock/"/>
https://readi.fi/asset/public-equity-bcspx-backed-cspx-core-sp-500-bcspx-by-backed-finance/
https://readi.fi/asset/public-equity-bcspx-backed-cspx-core-sp-500-bcspx-by-backed-finance/"/>
https://readi.fi/asset/fund-eutbl-spiko-euro-by-twenty-first-capital/
https://readi.fi/asset/fund-eutbl-spiko-euro-by-twenty-first-capital/"/>
https://readi.fi/asset/fund-ustbl-spiko-dollar-by-twenty-first-capital/
https://readi.fi/asset/fund-ustbl-spiko-dollar-by-twenty-first-capital/"/>
https://readi.fi/asset/structured-product-mmmeur-moreliquid-money-market-fund-by-moreliquid-management/
https://readi.fi/asset/structured-product-mmmeur-moreliquid-money-market-fund-by-moreliquid-management/"/>
https://readi.fi/asset/debt-ar180-arjan-capital-by-arjan-capital/
https://readi.fi/asset/debt-ar180-arjan-capital-by-arjan-capital/"/>
https://readi.fi/asset/debt-fl180-fluna-by-fluna/
https://readi.fi/asset/debt-fl180-fluna-by-fluna/"/>
https://readi.fi/asset/note-cmstr-microstrategy-note-by-sicos-securities/
https://readi.fi/asset/note-cmstr-microstrategy-note-by-sicos-securities/"/>
https://readi.fi/asset/fund-aqf-aquarius-alternative-high-yield-debt-fund-by-sicos-securities/
https://readi.fi/asset/fund-aqf-aquarius-alternative-high-yield-debt-fund-by-sicos-securities/"/>
https://readi.fi/asset/note-alt2612-mikro-kapital-alternative-by-mikro-kapital/
https://readi.fi/asset/note-alt2612-mikro-kapital-alternative-by-mikro-kapital/"/>
https://readi.fi/asset/structured-product-bernx-backed-ernx-ultrashort-bond-by-backed-finance/
https://readi.fi/asset/structured-product-bernx-backed-ernx-ultrashort-bond-by-backed-finance/"/>
https://readi.fi/asset/structured-product-bhigh-backed-high-high-yield-corp-bond-by-backed-finance/
https://readi.fi/asset/structured-product-bhigh-backed-high-high-yield-corp-bond-by-backed-finance/"/>
https://readi.fi/asset/structured-product-bc3m-backed-govies-0-6-months-euro-investment-grade-bc3m-by-backed-finance/
https://readi.fi/asset/structured-product-bc3m-backed-govies-0-6-months-euro-investment-grade-bc3m-by-backed-finance/"/>
https://readi.fi/asset/fund-tfund-cogito-tfund-by-cogito/
https://readi.fi/asset/fund-tfund-cogito-tfund-by-cogito/"/>
https://readi.fi/asset/structured-product-bzpr1-backed-zpr1-1-3-month-t-bill-by-backed-finance/
https://readi.fi/asset/structured-product-bzpr1-backed-zpr1-1-3-month-t-bill-by-backed-finance/"/>
https://readi.fi/asset/debt-ns3-new-silver-series-3-by-new-silver/
https://readi.fi/asset/debt-ns3-new-silver-series-3-by-new-silver/"/>
https://readi.fi/asset/fund-rwa007-monetalis-clydesdale-by-james-asset-ptc-limited/
https://readi.fi/asset/fund-rwa007-monetalis-clydesdale-by-james-asset-ptc-limited/"/>
https://readi.fi/asset/fund-rwa015-blocktower-andromeda-by-taco-foundation/
https://readi.fi/asset/fund-rwa015-blocktower-andromeda-by-taco-foundation/"/>
https://readi.fi/asset/fund-ustb-superstate-short-duration-us-government-securities-fund-by-superstate/
https://readi.fi/asset/fund-ustb-superstate-short-duration-us-government-securities-fund-by-superstate/"/>
https://readi.fi/asset/stablecoin-usyc-hashnote-us-yield-coin-by-hashnote/
https://readi.fi/asset/stablecoin-usyc-hashnote-us-yield-coin-by-hashnote/"/>
https://readi.fi/asset/structured-product-nvda-nvidia-corp-swarm-by-swarm/
https://readi.fi/asset/structured-product-nvda-nvidia-corp-swarm-by-swarm/"/>
https://readi.fi/asset/structured-product-coin-coinbase-global-inc-class-a-swarm-by-swarm/
https://readi.fi/asset/structured-product-coin-coinbase-global-inc-class-a-swarm-by-swarm/"/>
https://readi.fi/asset/structured-product-gme-gamestop-corporation-class-a-swarm-by-swarm/
https://readi.fi/asset/structured-product-gme-gamestop-corporation-class-a-swarm-by-swarm/"/>
https://readi.fi/asset/structured-product-intc-intel-corp-swarm-by-swarm/
https://readi.fi/asset/structured-product-intc-intel-corp-swarm-by-swarm/"/>
https://readi.fi/asset/structured-product-tbonds13-ishares-treasury-bond-1-3yr-ucits-etf-tbonds13-swarm-by-swarm/
https://readi.fi/asset/structured-product-tbonds13-ishares-treasury-bond-1-3yr-ucits-etf-tbonds13-swarm-by-swarm/"/>
https://readi.fi/asset/structured-product-msft-microsoft-corporation-swarm-by-swarm/
https://readi.fi/asset/structured-product-msft-microsoft-corporation-swarm-by-swarm/"/>
https://readi.fi/asset/structured-product-blk-blackrock-inc-swarm-by-swarm/
https://readi.fi/asset/structured-product-blk-blackrock-inc-swarm-by-swarm/"/>
https://readi.fi/asset/structured-product-tsla-tesla-inc-dl-001-swarm-by-swarm/
https://readi.fi/asset/structured-product-tsla-tesla-inc-dl-001-swarm-by-swarm/"/>
https://readi.fi/asset/structured-product-aapl-apple-inc-swarm-by-swarm/
https://readi.fi/asset/structured-product-aapl-apple-inc-swarm-by-swarm/"/>
https://readi.fi/asset/structured-product-mstr-microstrategy-inc-class-a-swarm-by-swarm/
https://readi.fi/asset/structured-product-mstr-microstrategy-inc-class-a-swarm-by-swarm/"/>
https://readi.fi/asset/structured-product-cpng-coupang-inc-class-a-swarm-by-swarm/
https://readi.fi/asset/structured-product-cpng-coupang-inc-class-a-swarm-by-swarm/"/>
https://readi.fi/asset/structured-product-tbonds01-ishares-treasury-bond-0-1yr-ucits-etf-tbonds01-swarm-by-swarm/
https://readi.fi/asset/structured-product-tbonds01-ishares-treasury-bond-0-1yr-ucits-etf-tbonds01-swarm-by-swarm/"/>
https://readi.fi/asset/debt-sg10green-societe-generale-green-positive-impact-senior-preferred-notes-by-societe-generale/
https://readi.fi/asset/debt-sg10green-societe-generale-green-positive-impact-senior-preferred-notes-by-societe-generale/"/>
https://readi.fi/asset/equity-share-afs-alan-frei-by-alan-frei/
https://readi.fi/asset/equity-share-afs-alan-frei-by-alan-frei/"/>
https://readi.fi/asset/equity-share-arts-artleasing-shares-by-art-leasing-invest/
https://readi.fi/asset/equity-share-arts-artleasing-shares-by-art-leasing-invest/"/>
https://readi.fi/asset/equity-share-boss-boss-info-ag-by-boss-info/
https://readi.fi/asset/equity-share-boss-boss-info-ag-by-boss-info/"/>
https://readi.fi/asset/equity-share-oprs-operal-ag-shares-by-operal/
https://readi.fi/asset/equity-share-oprs-operal-ag-shares-by-operal/"/>
https://readi.fi/asset/equity-share-pds-pensiondynamics-by-pensiondynamics/
https://readi.fi/asset/equity-share-pds-pensiondynamics-by-pensiondynamics/"/>
https://readi.fi/asset/equity-share-axras-axelra-tech-venture-building-shares-by-axelra-tech-venture/
https://readi.fi/asset/equity-share-axras-axelra-tech-venture-building-shares-by-axelra-tech-venture/"/>
https://readi.fi/asset/equity-share-cas-carnault-ag-shares-by-carnault/
https://readi.fi/asset/equity-share-cas-carnault-ag-shares-by-carnault/"/>
https://readi.fi/asset/equity-share-ehck-ehc-kloten-by-ehc-kloten/
https://readi.fi/asset/equity-share-ehck-ehc-kloten-by-ehc-kloten/"/>
https://readi.fi/asset/equity-share-lines-twiliner-ag-shares-by-twiliner/
https://readi.fi/asset/equity-share-lines-twiliner-ag-shares-by-twiliner/"/>
https://readi.fi/asset/equity-share-vids-vidby-shares-by-vidby/
https://readi.fi/asset/equity-share-vids-vidby-shares-by-vidby/"/>
https://readi.fi/asset/debt-b2c2-20241118-1-1-month-b2c2-corporate-bond-by-b2c2/
https://readi.fi/asset/debt-b2c2-20241118-1-1-month-b2c2-corporate-bond-by-b2c2/"/>
